TransactionID,CustomerID,TransactionType,TransactionAmount,TransactionDate
9001,1051,Credit,64472,2023-01-01
9002,1050,Debit,120518,2023-01-02
9003,1006,Credit,172575,2023-01-03
9004,1059,Debit,20496,2023-01-04
9005,1125,Credit,101422,2023-01-05
9006,1143,Debit,87098,2023-01-06
9007,1030,Credit,36431,2023-01-07
9008,1170,Credit,124668,2023-01-08
9009,1122,Credit,167282,2023-01-09
9010,1125,Debit,123599,2023-01-10
9011,1037,Debit,35193,2023-01-11
9012,1170,Debit,167312,2023-01-12
9013,1124,Credit,109444,2023-01-13
9014,1101,Debit,17874,2023-01-14
9015,1035,Credit,81971,2023-01-15
9016,1087,Debit,46413,2023-01-16
9017,1134,Credit,124183,2023-01-17
9018,1196,Credit,197597,2023-01-18
9019,1018,Credit,45016,2023-01-19
9020,1113,Debit,88296,2023-01-20
9021,1029,Debit,26569,2023-01-21
9022,1077,Debit,118833,2023-01-22
9023,1059,Credit,187805,2023-01-23
9024,1175,Credit,85311,2023-01-24
9025,1126,Debit,190621,2023-01-25
9026,1145,Debit,118528,2023-01-26
9027,1109,Debit,39678,2023-01-27
9028,1022,Credit,33321,2023-01-28
9029,1068,Credit,183299,2023-01-29
9030,1069,Credit,192507,2023-01-30
9031,1165,Credit,17499,2023-01-31
9032,1049,Credit,194094,2023-02-01
9033,1141,Debit,39212,2023-02-02
9034,1162,Credit,196123,2023-02-03
9035,1109,Credit,171744,2023-02-04
9036,1086,Credit,34222,2023-02-05
9037,1053,Credit,11125,2023-02-06
9038,1123,Credit,198737,2023-02-07
9039,1087,Debit,7359,2023-02-08
9040,1179,Credit,173181,2023-02-09
9041,1131,Credit,174879,2023-02-10
9042,1042,Credit,111486,2023-02-11
9043,1098,Debit,22339,2023-02-12
9044,1160,Debit,27716,2023-02-13
9045,1109,Debit,53453,2023-02-14
9046,1051,Credit,192165,2023-02-15
9047,1085,Debit,50022,2023-02-16
9048,1174,Credit,136458,2023-02-17
9049,1127,Credit,111749,2023-02-18
9050,1021,Debit,7985,2023-02-19
9051,1044,Credit,163027,2023-02-20
9052,1139,Credit,148339,2023-02-21
9053,1103,Credit,113201,2023-02-22
9054,1068,Debit,160025,2023-02-23
9055,1129,Credit,103138,2023-02-24
9056,1092,Credit,185014,2023-02-25
9057,1191,Debit,183449,2023-02-26
9058,1024,Credit,12726,2023-02-27
9059,1125,Credit,93905,2023-02-28
9060,1141,Debit,23088,2023-03-01
9061,1111,Credit,163281,2023-03-02
9062,1098,Credit,179360,2023-03-03
9063,1139,Credit,37519,2023-03-04
9064,1179,Credit,176520,2023-03-05
9065,1017,Credit,65633,2023-03-06
9066,1099,Debit,114944,2023-03-07
9067,1082,Debit,198030,2023-03-08
9068,1104,Debit,118103,2023-03-09
9069,1152,Debit,159098,2023-03-10
9070,1019,Credit,129085,2023-03-11
9071,1165,Credit,183770,2023-03-12
9072,1085,Credit,43895,2023-03-13
9073,1008,Credit,155603,2023-03-14
9074,1028,Credit,126314,2023-03-15
9075,1005,Debit,169273,2023-03-16
9076,1145,Debit,113099,2023-03-17
9077,1101,Credit,26439,2023-03-18
9078,1164,Credit,180717,2023-03-19
9079,1118,Credit,151896,2023-03-20
9080,1147,Debit,154439,2023-03-21
9081,1064,Credit,703,2023-03-22
9082,1091,Credit,148116,2023-03-23
9083,1117,Credit,147471,2023-03-24
9084,1098,Debit,29563,2023-03-25
9085,1011,Credit,91380,2023-03-26
9086,1054,Debit,4248,2023-03-27
9087,1173,Debit,117769,2023-03-28
9088,1047,Debit,198201,2023-03-29
9089,1140,Debit,81264,2023-03-30
9090,1149,Debit,152456,2023-03-31
9091,1139,Debit,156755,2023-04-01
9092,1005,Credit,108536,2023-04-02
9093,1184,Credit,150831,2023-04-03
9094,1020,Credit,167531,2023-04-04
9095,1169,Debit,117025,2023-04-05
9096,1046,Credit,165029,2023-04-06
9097,1012,Debit,86179,2023-04-07
9098,1070,Debit,126329,2023-04-08
9099,1017,Debit,128716,2023-04-09
9100,1115,Credit,133675,2023-04-10
9101,1147,Debit,66401,2023-04-11
9102,1154,Debit,176107,2023-04-12
9103,1048,Credit,147675,2023-04-13
9104,1108,Credit,98546,2023-04-14
9105,1052,Debit,90512,2023-04-15
9106,1096,Debit,78778,2023-04-16
9107,1070,Credit,12891,2023-04-17
9108,1183,Credit,102976,2023-04-18
9109,1102,Credit,160473,2023-04-19
9110,1075,Debit,121221,2023-04-20
9111,1161,Credit,98037,2023-04-21
9112,1190,Credit,81659,2023-04-22
9113,1151,Credit,199486,2023-04-23
9114,1143,Debit,131540,2023-04-24
9115,1155,Credit,181929,2023-04-25
9116,1192,Credit,170009,2023-04-26
9117,1179,Credit,36003,2023-04-27
9118,1181,Credit,75903,2023-04-28
9119,1082,Credit,172830,2023-04-29
9120,1092,Debit,165296,2023-04-30
9121,1179,Debit,64786,2023-05-01
9122,1175,Debit,75342,2023-05-02
9123,1004,Credit,105427,2023-05-03
9124,1135,Debit,15408,2023-05-04
9125,1109,Debit,182198,2023-05-05
9126,1163,Debit,37728,2023-05-06
9127,1048,Credit,23886,2023-05-07
9128,1073,Credit,178326,2023-05-08
9129,1072,Debit,28802,2023-05-09
9130,1116,Debit,61315,2023-05-10
9131,1173,Credit,63844,2023-05-11
9132,1081,Credit,167190,2023-05-12
9133,1081,Debit,112103,2023-05-13
9134,1113,Credit,61614,2023-05-14
9135,1096,Debit,26025,2023-05-15
9136,1072,Credit,80318,2023-05-16
9137,1147,Debit,115089,2023-05-17
9138,1063,Debit,145906,2023-05-18
9139,1038,Credit,95215,2023-05-19
9140,1067,Debit,194339,2023-05-20
9141,1187,Debit,7144,2023-05-21
9142,1069,Debit,101654,2023-05-22
9143,1013,Credit,164505,2023-05-23
9144,1175,Credit,43969,2023-05-24
9145,1189,Credit,165259,2023-05-25
9146,1031,Debit,107109,2023-05-26
9147,1114,Credit,184228,2023-05-27
9148,1022,Debit,148947,2023-05-28
9149,1093,Debit,65706,2023-05-29
9150,1171,Credit,96962,2023-05-30
9151,1067,Credit,168179,2023-05-31
9152,1054,Debit,83678,2023-06-01
9153,1138,Debit,155565,2023-06-02
9154,1042,Credit,175958,2023-06-03
9155,1064,Credit,177859,2023-06-04
9156,1126,Credit,87224,2023-06-05
9157,1021,Debit,96893,2023-06-06
9158,1194,Debit,127814,2023-06-07
9159,1169,Debit,76812,2023-06-08
9160,1152,Debit,75824,2023-06-09
9161,1035,Debit,71696,2023-06-10
9162,1184,Credit,70514,2023-06-11
9163,1030,Credit,139782,2023-06-12
9164,1057,Debit,142494,2023-06-13
9165,1047,Debit,167861,2023-06-14
9166,1163,Credit,33840,2023-06-15
9167,1019,Credit,40350,2023-06-16
9168,1114,Credit,188556,2023-06-17
9169,1008,Credit,114211,2023-06-18
9170,1026,Debit,11594,2023-06-19
9171,1113,Credit,88459,2023-06-20
9172,1071,Debit,164990,2023-06-21
9173,1030,Credit,6241,2023-06-22
9174,1135,Credit,112085,2023-06-23
9175,1067,Credit,123064,2023-06-24
9176,1065,Debit,69298,2023-06-25
9177,1036,Debit,116526,2023-06-26
9178,1025,Credit,110630,2023-06-27
9179,1037,Debit,22664,2023-06-28
9180,1001,Debit,167167,2023-06-29
9181,1143,Credit,30757,2023-06-30
9182,1037,Credit,145783,2023-07-01
9183,1141,Debit,96489,2023-07-02
9184,1136,Debit,136804,2023-07-03
9185,1133,Debit,199325,2023-07-04
9186,1188,Credit,53191,2023-07-05
9187,1128,Credit,80268,2023-07-06
9188,1127,Debit,157185,2023-07-07
9189,1001,Credit,14526,2023-07-08
9190,1164,Credit,185107,2023-07-09
9191,1035,Debit,31408,2023-07-10
9192,1194,Debit,183685,2023-07-11
9193,1191,Credit,20110,2023-07-12
9194,1104,Credit,178218,2023-07-13
9195,1023,Debit,63685,2023-07-14
9196,1009,Credit,73067,2023-07-15
9197,1034,Credit,179146,2023-07-16
9198,1174,Debit,36682,2023-07-17
9199,1128,Debit,116636,2023-07-18
9200,1004,Credit,132142,2023-07-19
9201,1158,Credit,19788,2023-07-20
9202,1102,Credit,79324,2023-07-21
9203,1075,Debit,161449,2023-07-22
9204,1099,Credit,84925,2023-07-23
9205,1072,Credit,1417,2023-07-24
9206,1003,Debit,76102,2023-07-25
9207,1142,Debit,65075,2023-07-26
9208,1188,Credit,73018,2023-07-27
9209,1173,Debit,39604,2023-07-28
9210,1034,Debit,149634,2023-07-29
9211,1045,Credit,17499,2023-07-30
9212,1061,Debit,193417,2023-07-31
9213,1083,Debit,141513,2023-08-01
9214,1123,Credit,61669,2023-08-02
9215,1102,Debit,155042,2023-08-03
9216,1016,Credit,130244,2023-08-04
9217,1066,Credit,111184,2023-08-05
9218,1168,Debit,60321,2023-08-06
9219,1145,Debit,176007,2023-08-07
9220,1119,Debit,136101,2023-08-08
9221,1162,Credit,12692,2023-08-09
9222,1124,Debit,74602,2023-08-10
9223,1144,Credit,115394,2023-08-11
9224,1102,Debit,87295,2023-08-12
9225,1188,Debit,165659,2023-08-13
9226,1066,Debit,67177,2023-08-14
9227,1194,Credit,136199,2023-08-15
9228,1013,Debit,188113,2023-08-16
9229,1184,Debit,199798,2023-08-17
9230,1111,Credit,134827,2023-08-18
9231,1159,Credit,189005,2023-08-19
9232,1034,Debit,136785,2023-08-20
9233,1039,Debit,102912,2023-08-21
9234,1195,Debit,19904,2023-08-22
9235,1136,Credit,117045,2023-08-23
9236,1120,Credit,156952,2023-08-24
9237,1126,Credit,150745,2023-08-25
9238,1055,Credit,184599,2023-08-26
9239,1027,Debit,24489,2023-08-27
9240,1118,Credit,108606,2023-08-28
9241,1053,Credit,25019,2023-08-29
9242,1039,Credit,22939,2023-08-30
9243,1065,Debit,119070,2023-08-31
9244,1145,Debit,15495,2023-09-01
9245,1158,Credit,24059,2023-09-02
9246,1181,Credit,89549,2023-09-03
9247,1013,Debit,136593,2023-09-04
9248,1021,Debit,98500,2023-09-05
9249,1147,Debit,152691,2023-09-06
9250,1053,Debit,183111,2023-09-07
9251,1019,Debit,39850,2023-09-08
9252,1057,Debit,177795,2023-09-09
9253,1025,Debit,26017,2023-09-10
9254,1031,Debit,153822,2023-09-11
9255,1081,Credit,89632,2023-09-12
9256,1183,Credit,198370,2023-09-13
9257,1023,Credit,185771,2023-09-14
9258,1032,Credit,60046,2023-09-15
9259,1190,Credit,106186,2023-09-16
9260,1074,Credit,88651,2023-09-17
9261,1010,Debit,3827,2023-09-18
9262,1200,Debit,120818,2023-09-19
9263,1054,Credit,161340,2023-09-20
9264,1052,Credit,195990,2023-09-21
9265,1148,Debit,174360,2023-09-22
9266,1160,Debit,116445,2023-09-23
9267,1114,Debit,47330,2023-09-24
9268,1014,Credit,52946,2023-09-25
9269,1178,Debit,146732,2023-09-26
9270,1156,Credit,188155,2023-09-27
9271,1110,Credit,165570,2023-09-28
9272,1053,Debit,158802,2023-09-29
9273,1152,Debit,140648,2023-09-30
9274,1079,Credit,69841,2023-10-01
9275,1022,Debit,31585,2023-10-02
9276,1030,Debit,56071,2023-10-03
9277,1191,Credit,146287,2023-10-04
9278,1004,Debit,128808,2023-10-05
9279,1059,Credit,6250,2023-10-06
9280,1008,Credit,114431,2023-10-07
9281,1012,Debit,79268,2023-10-08
9282,1119,Credit,36403,2023-10-09
9283,1159,Credit,163665,2023-10-10
9284,1034,Debit,91536,2023-10-11
9285,1082,Debit,88454,2023-10-12
9286,1098,Debit,165886,2023-10-13
9287,1127,Credit,179797,2023-10-14
9288,1075,Credit,83514,2023-10-15
9289,1105,Debit,166751,2023-10-16
9290,1049,Credit,117805,2023-10-17
9291,1079,Debit,156910,2023-10-18
9292,1185,Debit,32601,2023-10-19
9293,1093,Credit,3275,2023-10-20
9294,1154,Debit,111997,2023-10-21
9295,1018,Credit,46119,2023-10-22
9296,1096,Credit,177410,2023-10-23
9297,1038,Debit,151111,2023-10-24
9298,1087,Credit,57624,2023-10-25
9299,1088,Debit,65649,2023-10-26
9300,1050,Credit,27116,2023-10-27
9301,1008,Credit,186139,2023-10-28
9302,1169,Credit,168671,2023-10-29
9303,1134,Debit,62299,2023-10-30
9304,1069,Credit,90721,2023-10-31
9305,1172,Debit,115379,2023-11-01
9306,1121,Credit,25979,2023-11-02
9307,1064,Credit,177744,2023-11-03
9308,1157,Debit,99665,2023-11-04
9309,1156,Debit,56363,2023-11-05
9310,1139,Debit,173615,2023-11-06
9311,1121,Debit,83069,2023-11-07
9312,1065,Debit,146980,2023-11-08
9313,1107,Credit,189552,2023-11-09
9314,1147,Credit,16851,2023-11-10
9315,1137,Debit,135703,2023-11-11
9316,1155,Credit,45325,2023-11-12
9317,1162,Credit,11849,2023-11-13
9318,1172,Credit,192503,2023-11-14
9319,1196,Debit,44754,2023-11-15
9320,1100,Credit,38725,2023-11-16
9321,1082,Credit,12953,2023-11-17
9322,1143,Credit,150386,2023-11-18
9323,1051,Debit,149835,2023-11-19
9324,1141,Credit,78194,2023-11-20
9325,1083,Credit,16235,2023-11-21
9326,1177,Debit,147402,2023-11-22
9327,1198,Debit,48393,2023-11-23
9328,1112,Credit,176245,2023-11-24
9329,1056,Credit,127506,2023-11-25
9330,1179,Debit,45566,2023-11-26
9331,1165,Debit,134945,2023-11-27
9332,1145,Debit,141907,2023-11-28
9333,1186,Debit,155313,2023-11-29
9334,1157,Debit,11192,2023-11-30
9335,1161,Debit,178867,2023-12-01
9336,1060,Debit,46041,2023-12-02
9337,1120,Credit,165629,2023-12-03
9338,1183,Debit,67483,2023-12-04
9339,1138,Debit,151155,2023-12-05
9340,1175,Credit,154337,2023-12-06
9341,1023,Debit,190859,2023-12-07
9342,1149,Debit,155478,2023-12-08
9343,1013,Credit,121247,2023-12-09
9344,1101,Debit,85603,2023-12-10
9345,1161,Credit,178097,2023-12-11
9346,1024,Credit,169802,2023-12-12
9347,1108,Credit,151092,2023-12-13
9348,1011,Credit,183506,2023-12-14
9349,1017,Debit,26066,2023-12-15
9350,1196,Credit,73693,2023-12-16
9351,1175,Credit,161706,2023-12-17
9352,1025,Debit,141917,2023-12-18
9353,1094,Credit,121515,2023-12-19
9354,1021,Credit,172757,2023-12-20
9355,1084,Credit,131456,2023-12-21
9356,1140,Credit,71244,2023-12-22
9357,1037,Debit,33955,2023-12-23
9358,1042,Credit,159590,2023-12-24
9359,1145,Debit,54719,2023-12-25
9360,1101,Debit,46491,2023-12-26
9361,1048,Credit,74116,2023-12-27
9362,1103,Credit,87938,2023-12-28
9363,1028,Credit,117341,2023-12-29
9364,1041,Credit,141058,2023-12-30
9365,1099,Debit,170434,2023-12-31
9366,1047,Debit,59370,2024-01-01
9367,1146,Debit,87194,2024-01-02
9368,1105,Credit,44356,2024-01-03
9369,1124,Debit,101907,2024-01-04
9370,1199,Credit,31879,2024-01-05
9371,1013,Credit,65229,2024-01-06
9372,1141,Credit,159950,2024-01-07
9373,1100,Credit,54853,2024-01-08
9374,1031,Credit,181568,2024-01-09
9375,1130,Debit,14531,2024-01-10
9376,1016,Debit,66482,2024-01-11
9377,1137,Credit,37183,2024-01-12
9378,1073,Debit,114591,2024-01-13
9379,1166,Credit,118297,2024-01-14
9380,1054,Credit,149190,2024-01-15
9381,1184,Credit,7087,2024-01-16
9382,1100,Debit,63290,2024-01-17
9383,1109,Credit,31980,2024-01-18
9384,1087,Credit,152099,2024-01-19
9385,1173,Debit,24069,2024-01-20
9386,1162,Debit,11651,2024-01-21
9387,1137,Debit,190746,2024-01-22
9388,1008,Credit,45239,2024-01-23
9389,1007,Credit,33454,2024-01-24
9390,1036,Debit,109873,2024-01-25
9391,1018,Credit,166875,2024-01-26
9392,1003,Debit,35200,2024-01-27
9393,1028,Debit,124228,2024-01-28
9394,1070,Credit,199140,2024-01-29
9395,1172,Credit,67288,2024-01-30
9396,1149,Debit,71545,2024-01-31
9397,1028,Debit,169414,2024-02-01
9398,1054,Debit,145472,2024-02-02
9399,1182,Debit,128492,2024-02-03
9400,1065,Credit,80559,2024-02-04
9401,1100,Debit,2381,2024-02-05
9402,1021,Debit,164609,2024-02-06
9403,1013,Debit,133202,2024-02-07
9404,1057,Credit,21289,2024-02-08
9405,1049,Credit,126583,2024-02-09
9406,1118,Debit,88559,2024-02-10
9407,1054,Credit,46651,2024-02-11
9408,1138,Credit,180492,2024-02-12
9409,1053,Credit,109888,2024-02-13
9410,1044,Debit,198803,2024-02-14
9411,1047,Debit,3762,2024-02-15
9412,1053,Credit,67481,2024-02-16
9413,1074,Debit,121451,2024-02-17
9414,1046,Debit,123599,2024-02-18
9415,1013,Credit,82472,2024-02-19
9416,1165,Credit,75985,2024-02-20
9417,1102,Debit,55222,2024-02-21
9418,1024,Credit,89999,2024-02-22
9419,1002,Debit,182390,2024-02-23
9420,1081,Debit,161504,2024-02-24
9421,1100,Credit,7401,2024-02-25
9422,1142,Debit,117973,2024-02-26
9423,1138,Debit,9097,2024-02-27
9424,1163,Credit,130131,2024-02-28
9425,1153,Credit,64409,2024-02-29
9426,1131,Credit,72891,2024-03-01
9427,1111,Debit,139835,2024-03-02
9428,1102,Credit,63793,2024-03-03
9429,1017,Credit,157377,2024-03-04
9430,1012,Credit,12374,2024-03-05
9431,1182,Credit,86902,2024-03-06
9432,1116,Debit,14579,2024-03-07
9433,1024,Debit,181422,2024-03-08
9434,1029,Credit,73279,2024-03-09
9435,1171,Debit,95908,2024-03-10
9436,1153,Credit,140590,2024-03-11
9437,1122,Credit,121106,2024-03-12
9438,1188,Debit,181072,2024-03-13
9439,1090,Debit,120562,2024-03-14
9440,1065,Credit,12600,2024-03-15
9441,1084,Credit,57521,2024-03-16
9442,1119,Debit,151372,2024-03-17
9443,1156,Credit,128626,2024-03-18
9444,1016,Debit,194972,2024-03-19
9445,1175,Credit,92946,2024-03-20
9446,1104,Credit,29937,2024-03-21
9447,1092,Debit,178247,2024-03-22
9448,1186,Debit,151514,2024-03-23
9449,1027,Debit,21362,2024-03-24
9450,1181,Debit,12169,2024-03-25
9451,1170,Debit,121719,2024-03-26
9452,1187,Debit,185344,2024-03-27
9453,1175,Debit,16416,2024-03-28
9454,1162,Credit,11378,2024-03-29
9455,1165,Credit,3485,2024-03-30
9456,1134,Credit,41735,2024-03-31
9457,1135,Debit,19431,2024-04-01
9458,1153,Debit,93376,2024-04-02
9459,1033,Debit,836,2024-04-03
9460,1055,Credit,43433,2024-04-04
9461,1186,Debit,46036,2024-04-05
9462,1007,Debit,70004,2024-04-06
9463,1057,Credit,99714,2024-04-07
9464,1126,Debit,182720,2024-04-08
9465,1012,Credit,114436,2024-04-09
9466,1016,Credit,16779,2024-04-10
9467,1043,Debit,104251,2024-04-11
9468,1117,Debit,104933,2024-04-12
9469,1135,Debit,71886,2024-04-13
9470,1111,Credit,86624,2024-04-14
9471,1051,Credit,106250,2024-04-15
9472,1160,Credit,77985,2024-04-16
9473,1075,Debit,74555,2024-04-17
9474,1008,Debit,92411,2024-04-18
9475,1200,Debit,99118,2024-04-19
9476,1045,Debit,198242,2024-04-20
9477,1059,Credit,185600,2024-04-21
9478,1132,Credit,114392,2024-04-22
9479,1104,Credit,71628,2024-04-23
9480,1195,Credit,149680,2024-04-24
9481,1157,Debit,52995,2024-04-25
9482,1157,Debit,83306,2024-04-26
9483,1098,Debit,93685,2024-04-27
9484,1156,Credit,188402,2024-04-28
9485,1079,Credit,184081,2024-04-29
9486,1124,Debit,197978,2024-04-30
9487,1172,Debit,171091,2024-05-01
9488,1004,Credit,50149,2024-05-02
9489,1090,Debit,166096,2024-05-03
9490,1104,Credit,165457,2024-05-04
9491,1137,Credit,175941,2024-05-05
9492,1119,Credit,95902,2024-05-06
9493,1133,Debit,31176,2024-05-07
9494,1056,Debit,64593,2024-05-08
9495,1096,Credit,179336,2024-05-09
9496,1178,Debit,182371,2024-05-10
9497,1075,Credit,79914,2024-05-11
9498,1143,Credit,93595,2024-05-12
9499,1032,Credit,72807,2024-05-13
9500,1028,Credit,95932,2024-05-14
9501,1022,Debit,32423,2024-05-15
9502,1017,Credit,117949,2024-05-16
9503,1059,Credit,48074,2024-05-17
9504,1090,Debit,174963,2024-05-18
9505,1199,Credit,122257,2024-05-19
9506,1106,Credit,54164,2024-05-20
9507,1185,Debit,67884,2024-05-21
9508,1026,Debit,31527,2024-05-22
9509,1025,Debit,167036,2024-05-23
9510,1138,Credit,34985,2024-05-24
9511,1045,Debit,151028,2024-05-25
9512,1083,Debit,36054,2024-05-26
9513,1011,Credit,47422,2024-05-27
9514,1181,Credit,13909,2024-05-28
9515,1200,Credit,37139,2024-05-29
9516,1104,Credit,195199,2024-05-30
9517,1068,Credit,20192,2024-05-31
9518,1095,Debit,89537,2024-06-01
9519,1156,Debit,185772,2024-06-02
9520,1065,Debit,188987,2024-06-03
9521,1049,Credit,18574,2024-06-04
9522,1175,Credit,147121,2024-06-05
9523,1052,Credit,30463,2024-06-06
9524,1102,Debit,52765,2024-06-07
9525,1182,Debit,16561,2024-06-08
9526,1188,Credit,189798,2024-06-09
9527,1057,Debit,160382,2024-06-10
9528,1047,Credit,191578,2024-06-11
9529,1159,Debit,114002,2024-06-12
9530,1174,Debit,23300,2024-06-13
9531,1026,Debit,116692,2024-06-14
9532,1114,Credit,107728,2024-06-15
9533,1005,Debit,189339,2024-06-16
9534,1084,Debit,28554,2024-06-17
9535,1052,Credit,176969,2024-06-18
9536,1105,Debit,13733,2024-06-19
9537,1054,Credit,156640,2024-06-20
9538,1161,Credit,66227,2024-06-21
9539,1178,Credit,91110,2024-06-22
9540,1166,Credit,70953,2024-06-23
9541,1155,Credit,104635,2024-06-24
9542,1015,Debit,157404,2024-06-25
9543,1061,Credit,108964,2024-06-26
9544,1122,Credit,14182,2024-06-27
9545,1021,Credit,154955,2024-06-28
9546,1046,Credit,58660,2024-06-29
9547,1197,Debit,24166,2024-06-30
9548,1134,Credit,59317,2024-07-01
9549,1038,Debit,91698,2024-07-02
9550,1062,Credit,166214,2024-07-03
9551,1086,Debit,42330,2024-07-04
9552,1190,Credit,10734,2024-07-05
9553,1078,Credit,58116,2024-07-06
9554,1046,Debit,9721,2024-07-07
9555,1141,Credit,142982,2024-07-08
9556,1003,Debit,192985,2024-07-09
9557,1006,Credit,1551,2024-07-10
9558,1093,Debit,111029,2024-07-11
9559,1008,Credit,77418,2024-07-12
9560,1172,Credit,78616,2024-07-13
9561,1108,Debit,122726,2024-07-14
9562,1161,Credit,188135,2024-07-15
9563,1075,Credit,45257,2024-07-16
9564,1077,Credit,121508,2024-07-17
9565,1050,Credit,182829,2024-07-18
9566,1011,Credit,131879,2024-07-19
9567,1095,Credit,57389,2024-07-20
9568,1156,Debit,36444,2024-07-21
9569,1070,Debit,100055,2024-07-22
9570,1169,Debit,38634,2024-07-23
9571,1016,Credit,158895,2024-07-24
9572,1068,Debit,26454,2024-07-25
9573,1099,Credit,186593,2024-07-26
9574,1048,Credit,90459,2024-07-27
9575,1184,Credit,5492,2024-07-28
9576,1064,Credit,2461,2024-07-29
9577,1187,Debit,12997,2024-07-30
9578,1090,Credit,164123,2024-07-31
9579,1190,Debit,187327,2024-08-01
9580,1076,Credit,13755,2024-08-02
9581,1139,Debit,136139,2024-08-03
9582,1101,Debit,49347,2024-08-04
9583,1089,Debit,179575,2024-08-05
9584,1018,Debit,20889,2024-08-06
9585,1019,Debit,176095,2024-08-07
9586,1055,Debit,124302,2024-08-08
9587,1102,Credit,62076,2024-08-09
9588,1118,Debit,44419,2024-08-10
9589,1154,Credit,3858,2024-08-11
9590,1134,Debit,89035,2024-08-12
9591,1004,Credit,106482,2024-08-13
9592,1108,Debit,6198,2024-08-14
9593,1115,Debit,67309,2024-08-15
9594,1029,Credit,93579,2024-08-16
9595,1059,Debit,56305,2024-08-17
9596,1125,Debit,162921,2024-08-18
9597,1098,Debit,181820,2024-08-19
9598,1017,Credit,75533,2024-08-20
9599,1107,Debit,98739,2024-08-21
9600,1043,Credit,130907,2024-08-22
9601,1080,Debit,44541,2024-08-23
9602,1194,Debit,32454,2024-08-24
9603,1162,Credit,8502,2024-08-25
9604,1008,Debit,70283,2024-08-26
9605,1141,Debit,108024,2024-08-27
9606,1106,Credit,125357,2024-08-28
9607,1008,Debit,20238,2024-08-29
9608,1096,Credit,11203,2024-08-30
9609,1094,Credit,114276,2024-08-31
9610,1065,Credit,180994,2024-09-01
9611,1171,Debit,193471,2024-09-02
9612,1039,Credit,143964,2024-09-03
9613,1081,Credit,45224,2024-09-04
9614,1187,Debit,32799,2024-09-05
9615,1084,Credit,16141,2024-09-06
9616,1088,Debit,80034,2024-09-07
9617,1086,Debit,6805,2024-09-08
9618,1093,Debit,19282,2024-09-09
9619,1086,Debit,78757,2024-09-10
9620,1044,Credit,78463,2024-09-11
9621,1137,Credit,122487,2024-09-12
9622,1165,Credit,152138,2024-09-13
9623,1074,Credit,125091,2024-09-14
9624,1036,Credit,68266,2024-09-15
9625,1101,Debit,7011,2024-09-16
9626,1156,Credit,115316,2024-09-17
9627,1170,Credit,157749,2024-09-18
9628,1171,Credit,5265,2024-09-19
9629,1170,Debit,151926,2024-09-20
9630,1104,Debit,24429,2024-09-21
9631,1066,Credit,160392,2024-09-22
9632,1055,Debit,112076,2024-09-23
9633,1200,Credit,161095,2024-09-24
9634,1176,Credit,71588,2024-09-25
9635,1091,Debit,197735,2024-09-26
9636,1022,Debit,78025,2024-09-27
9637,1101,Credit,14280,2024-09-28
9638,1155,Credit,7089,2024-09-29
9639,1121,Debit,166384,2024-09-30
9640,1093,Credit,94164,2024-10-01
9641,1195,Debit,177511,2024-10-02
9642,1108,Credit,183065,2024-10-03
9643,1141,Debit,104688,2024-10-04
9644,1173,Credit,93826,2024-10-05
9645,1010,Credit,41453,2024-10-06
9646,1009,Debit,66285,2024-10-07
9647,1182,Credit,19809,2024-10-08
9648,1155,Credit,54695,2024-10-09
9649,1034,Debit,26401,2024-10-10
9650,1129,Credit,155148,2024-10-11
9651,1160,Credit,163080,2024-10-12
9652,1089,Credit,25964,2024-10-13
9653,1093,Debit,191853,2024-10-14
9654,1071,Debit,16760,2024-10-15
9655,1067,Debit,125497,2024-10-16
9656,1148,Credit,35940,2024-10-17
9657,1117,Credit,95582,2024-10-18
9658,1094,Credit,106083,2024-10-19
9659,1163,Credit,57183,2024-10-20
9660,1099,Debit,124706,2024-10-21
9661,1113,Credit,173002,2024-10-22
9662,1103,Credit,133559,2024-10-23
9663,1091,Credit,156677,2024-10-24
9664,1090,Debit,78984,2024-10-25
9665,1017,Credit,144598,2024-10-26
9666,1018,Credit,68809,2024-10-27
9667,1173,Credit,46427,2024-10-28
9668,1116,Credit,189107,2024-10-29
9669,1093,Credit,43446,2024-10-30
9670,1181,Debit,127003,2024-10-31
9671,1091,Credit,188133,2024-11-01
9672,1082,Credit,141949,2024-11-02
9673,1068,Credit,54092,2024-11-03
9674,1193,Credit,138919,2024-11-04
9675,1114,Credit,34276,2024-11-05
9676,1001,Credit,135355,2024-11-06
9677,1058,Credit,56298,2024-11-07
9678,1154,Credit,135870,2024-11-08
9679,1109,Credit,70704,2024-11-09
9680,1148,Credit,86707,2024-11-10
9681,1116,Debit,100856,2024-11-11
9682,1087,Debit,186733,2024-11-12
9683,1010,Debit,61152,2024-11-13
9684,1059,Debit,166056,2024-11-14
9685,1041,Credit,130072,2024-11-15
9686,1105,Debit,21422,2024-11-16
9687,1133,Debit,165600,2024-11-17
9688,1122,Credit,151888,2024-11-18
9689,1193,Debit,77496,2024-11-19
9690,1145,Debit,148540,2024-11-20
9691,1022,Credit,30766,2024-11-21
9692,1098,Credit,155572,2024-11-22
9693,1169,Credit,145583,2024-11-23
9694,1068,Debit,3366,2024-11-24
9695,1197,Debit,113169,2024-11-25
9696,1139,Credit,6398,2024-11-26
9697,1056,Credit,18895,2024-11-27
9698,1179,Debit,170591,2024-11-28
9699,1149,Credit,4506,2024-11-29
9700,1099,Debit,165965,2024-11-30
9701,1076,Credit,11456,2024-12-01
9702,1026,Credit,181614,2024-12-02
9703,1115,Debit,137650,2024-12-03
9704,1147,Credit,161203,2024-12-04
9705,1109,Credit,96176,2024-12-05
9706,1188,Credit,122224,2024-12-06
9707,1199,Debit,63401,2024-12-07
9708,1047,Credit,107727,2024-12-08
9709,1071,Credit,117692,2024-12-09
9710,1154,Credit,173146,2024-12-10
9711,1040,Credit,31917,2024-12-11
9712,1133,Credit,88520,2024-12-12
9713,1149,Credit,84139,2024-12-13
9714,1132,Debit,196578,2024-12-14
9715,1023,Debit,95381,2024-12-15
9716,1106,Credit,171026,2024-12-16
9717,1084,Debit,133159,2024-12-17
9718,1143,Debit,122188,2024-12-18
9719,1116,Credit,116084,2024-12-19
9720,1109,Debit,186282,2024-12-20
9721,1136,Debit,87067,2024-12-21
9722,1041,Debit,76386,2024-12-22
9723,1112,Debit,150388,2024-12-23
9724,1147,Debit,29932,2024-12-24
9725,1112,Debit,180189,2024-12-25
9726,1103,Debit,72873,2024-12-26
9727,1046,Debit,165789,2024-12-27
9728,1156,Credit,21384,2024-12-28
9729,1068,Credit,5954,2024-12-29
9730,1122,Debit,75460,2024-12-30
9731,1015,Debit,102921,2024-12-31
9732,1165,Credit,44118,2025-01-01
9733,1129,Debit,194243,2025-01-02
9734,1195,Debit,47611,2025-01-03
9735,1111,Credit,171185,2025-01-04
9736,1024,Credit,121092,2025-01-05
9737,1027,Credit,60493,2025-01-06
9738,1040,Debit,129152,2025-01-07
9739,1191,Debit,140420,2025-01-08
9740,1189,Credit,79172,2025-01-09
9741,1164,Credit,66625,2025-01-10
9742,1024,Debit,118009,2025-01-11
9743,1024,Credit,62102,2025-01-12
9744,1004,Debit,42722,2025-01-13
9745,1067,Debit,49723,2025-01-14
9746,1034,Credit,65833,2025-01-15
9747,1185,Credit,184304,2025-01-16
9748,1177,Debit,123150,2025-01-17
9749,1181,Credit,49920,2025-01-18
9750,1116,Credit,76004,2025-01-19
9751,1023,Credit,2962,2025-01-20
9752,1109,Credit,9960,2025-01-21
9753,1069,Debit,99819,2025-01-22
9754,1095,Debit,140847,2025-01-23
9755,1181,Debit,144841,2025-01-24
9756,1062,Debit,130093,2025-01-25
9757,1169,Credit,123172,2025-01-26
9758,1057,Credit,197514,2025-01-27
9759,1188,Debit,73420,2025-01-28
9760,1054,Debit,23053,2025-01-29
9761,1070,Credit,155938,2025-01-30
9762,1101,Debit,44536,2025-01-31
9763,1057,Debit,148941,2025-02-01
9764,1138,Credit,143367,2025-02-02
9765,1168,Debit,70521,2025-02-03
9766,1135,Credit,107705,2025-02-04
9767,1103,Credit,199726,2025-02-05
9768,1166,Debit,161715,2025-02-06
9769,1085,Credit,160997,2025-02-07
9770,1061,Debit,88709,2025-02-08
9771,1003,Credit,75639,2025-02-09
9772,1128,Debit,5868,2025-02-10
9773,1179,Debit,136193,2025-02-11
9774,1086,Debit,59329,2025-02-12
9775,1047,Credit,129536,2025-02-13
9776,1196,Credit,191866,2025-02-14
9777,1076,Debit,15219,2025-02-15
9778,1038,Credit,29727,2025-02-16
9779,1164,Debit,109930,2025-02-17
9780,1169,Debit,139138,2025-02-18
9781,1197,Credit,12806,2025-02-19
9782,1141,Debit,54322,2025-02-20
9783,1087,Credit,24542,2025-02-21
9784,1058,Debit,146658,2025-02-22
9785,1050,Credit,148959,2025-02-23
9786,1030,Debit,158614,2025-02-24
9787,1190,Debit,89924,2025-02-25
9788,1101,Credit,183190,2025-02-26
9789,1025,Debit,149895,2025-02-27
9790,1112,Debit,18519,2025-02-28
9791,1155,Credit,75926,2025-03-01
9792,1179,Debit,41363,2025-03-02
9793,1185,Credit,111523,2025-03-03
9794,1126,Debit,141855,2025-03-04
9795,1123,Credit,149851,2025-03-05
9796,1047,Debit,47499,2025-03-06
9797,1118,Debit,63280,2025-03-07
9798,1039,Debit,23408,2025-03-08
9799,1016,Credit,193156,2025-03-09
9800,1022,Credit,126778,2025-03-10
